{
  "coreLocales": [
    "ar",
    "de",
    "el",
    "en",
    "es",
    "fr",
    "hu",
    "it",
    "ja",
    "ko",
    "nl",
    "pl",
    "pt-BR",
    "ru",
    "tr",
    "zh-CN"
  ],
  "nativeNames": {
    "af": "Afrikaans",
    "am": "ኣማርኛ",
    "ar": "العربية",
    "as": "অসমীয়া",
    "ast": "Asturianu",
    "az": "Azərbaycan",
    "be": "Беларуская мова",
    "bg": "български",
    "bn": "বাংলা (ভারত)",
    "br": "ar brezhoneg",
    "bs": "bosanski",
    "ca": "català",
    "cs": "čeština",
    "cy": "Cymraeg",
    "da": "dansk",
    "de": "Deutsch",
    "dsb": "dolnoserbski",
    "el": "ελληνικά",
    "en": "English",
    "eo": "Esperanto",
    "es": "español",
    "et": "eesti keel",
    "eu": "euskara",
    "fa": "فارسى",
    "fi": "suomi",
    "fil": "Filipino",
    "fr": "français",
    "fy": "Frysk",
    "gl": "Galego",
    "gu": "ગુજરાતી (ભારત)",
    "he": "עברית",
    "hi": "हिन्दी",
    "hr": "Hrvatski",
    "hsb": "hornjoserbsce",
    "hu": "magyar",
    "hy": "Հայերեն",
    "id": "Bahasa Indonesia",
    "is": "Íslenska",
    "it": "italiano",
    "ja": "日本語",
    "ka": "ქართული",
    "kab": "Taqbaylit",
    "kk": "Қазақ тілі",
    "kn": "ಕನ್ನಡ",
    "ko": "한국어",
    "lt": "lietuvių kalba",
    "lv": "latviešu valoda",
    "mg": "Malagasy",
    "mk": "македонски",
    "ml": "മലയാളം",
    "ms": "Melayu",
    "nb": "norsk",
    "nl": "Nederlands",
    "nn": "norsk",
    "pa": "ਪੰਜਾਬੀ (ਭਾਰਤ)",
    "pl": "polski",
    "pt": "português",
    "rm": "rumantsch",
    "ro": "română",
    "ru": "Русский",
    "si": "සිංහල",
    "sk": "slovenčina",
    "sl": "slovenščina",
    "sq": "shqip",
    "sr": "српски",
    "sv": "svenska",
    "sw": "Kiswahili",
    "ta": "தமிழ்",
    "te": "తెలుగు",
    "th": "ภาษาไทย",
    "tr": "Türkçe",
    "uk": "українська",
    "ur": "اردو",
    "uz": "o’zbek",
    "vi": "Tiếng Việt",
    "zh": "中文"
  }
}
